Item,Priceb($),Rating,Link
Croqueta para perro Pedigree Adulto res y vegetales 17kg,549.00,5.0,https://www.walmart.com.mx/ip/perros/croqueta-para-perro-pedigree-adulto-res-y-vegetales-17kg/00750617451243?from=/search
Alimento para perros Ganador Premium adulto razas pequeñas 20 kg + 4 kg,"1,096.00",N/A,https://www.walmart.com.mx/ip/perros/alimento-para-perros-ganador-premium-adulto-razas-pequenas-20-kg-4-kg/00750228112504?from=/search
Croqueta para perro Purina Dog Chow Adultos medianos y grandes 10kg,549.00,4.7,https://www.walmart.com.mx/ip/perros/croqueta-para-perro-purina-dog-chow-adultos-medianos-y-grandes-10kg/00750107221580?from=/search
N/A,N/A,N/A,https://www.walmart.com.mx/ip/perros/croqueta-para-perro-purina-campeon-carne-todo-los-tamanos-20-kg/00750107221732?from=/search
Croqueta para perro Purina Dog Chow Cachorro todos los tamaños carne 10kg bundle,"1,096.00",5.0,https://www.walmart.com.mx/ip/perros/croqueta-para-perro-purina-dog-chow-cachorro-todos-los-tamanos-carne-10kg-bundle/00750107221581?from=/search
Alimento para Perro Perron Adulto 25kg,819.00,5.0,https://www.walmart.com.mx/ip/perros/alimento-para-perro-perron-adulto-25kg/00750301621601?from=/search
Alimento para Perro Maxi Bobby Adulto 25kg,419.00,N/A,https://www.walmart.com.mx/ip/perros/alimento-para-perro-maxi-bobby-adulto-25kg/00750302192504?from=/search
Croqueta para perro Purina Dog Chow Adulto mini 10 kg bundle,549.00,4.8,https://www.walmart.com.mx/ip/perros/croqueta-para-perro-purina-dog-chow-adulto-mini-10-kg-bundle/00750107221579?from=/search
Croqueta para perro Nucan Adulto todos los tamaños 25kg,765.00,4.5,https://www.walmart.com.mx/ip/perros/croqueta-para-perro-nucan-adulto-todos-los-tamanos-25kg/00750300855378?from=/search
"Pack croquetas, 10 pouches, aderezo, tazón y dos juguetes para perro adulto GrandPet Carne Fresca Fo GrandPet Alimento seco, húmedo y accesorios",N/A,N/A,https://www.walmart.com.mx/ip/perros/pack-croquetas-10-pouches-aderezo-tazon-y-dos-juguetes-para-perro-adulto-grandpet-carne-fresca-fo-grandpet-alimento-seco-humedo-y-accesorios/00750185650746?from=/search
Alimento Croqueta Perro Royal Canin Minispecial 1.6kg 451040 Royal Canin Small Digestive Care,"1,096.00",4.8,https://www.walmart.com.mx/ip/perros/alimento-croqueta-perro-royal-canin-minispecial-1-6kg-451040-royal-canin-small-digestive-care/00003011145104?from=/search
Paquete croquetas para perro Nupec Paquete nupec cachorro razas pequeñas 8 kg + 1 plato viaje plegable,N/A,N/A,https://www.walmart.com.mx/ip/perros/paquete-croquetas-para-perro-nupec-paquete-nupec-cachorro-razas-pequenas-8-kg-1-plato-viaje-plegable/00046205953913?from=/search
Paquete de croquetas para perro Nupec Nucan adulto 25 kg + 1 juguete plastico fancy pets,N/A,N/A,https://www.walmart.com.mx/ip/perros/paquete-de-croquetas-para-perro-nupec-nucan-adulto-25-kg-1-juguete-plastico-fancy-pets/00046385915696?from=/search
Croquetas para perro Excellent Excellent Complete Cachorro Raza Mediana y Grande Pollo y Arroz 20 kg,"1,096.00",N/A,https://www.walmart.com.mx/ip/perros/croquetas-para-perro-excellent-excellent-complete-cachorro-raza-mediana-y-grande-pollo-y-arroz-20-kg/00750107221085?from=/search
Croqueta para Perro Full Life Adultos Razas Pequeñas 8 kg,586.00,N/A,https://www.walmart.com.mx/ip/perros/croqueta-para-perro-full-life-adultos-razas-pequenas-8-kg/00750228112182?from=/search
Vory Trio Res Aderezo para las croquetas de tu perro VORY RES,"1,096.00",N/A,https://www.walmart.com.mx/ip/perros/vory-trio-res-aderezo-para-las-croquetas-de-tu-perro-vory-res/00046110515331?from=/search
Vory Trio Salmón Aderezo para las croquetas de tu perro VORY SALMÓN,N/A,N/A,https://www.walmart.com.mx/ip/perros/vory-trio-salmon-aderezo-para-las-croquetas-de-tu-perro-vory-salmon/05750046381632?from=/search
Croqueta para perro Nufit Premium Cachorro todas las razas 20kg,765.00,N/A,https://www.walmart.com.mx/ip/perros/croqueta-para-perro-nufit-premium-cachorro-todas-las-razas-20kg/00750302608426?from=/search
Croquetas para perro Nupec Super Premium Adulto Nupec 15Kg,549.00,5.0,https://www.walmart.com.mx/ip/perros/croquetas-para-perro-nupec-super-premium-adulto-nupec-15kg/00750300855326?from=/search
Croquetas para perro Nupec urinary management para perro 2 kg,"1,096.00",N/A,https://www.walmart.com.mx/ip/perros/croquetas-para-perro-nupec-urinary-management-para-perro-2-kg/00750302608486?from=/search
Alimento Seco para Perro Adulto Raza Persa 3.1 Kg Royal Canin Alimento Croquetas para Gato,"1,096.00",N/A,https://www.walmart.com.mx/ip/perros/alimento-seco-para-perro-adulto-raza-persa-3-1-kg-royal-canin-alimento-croquetas-para-gato/00003011154357?from=/search
Croquetas para perro Nupec Adulto Raza Pequeña 2 Kg,599.00,5.0,https://www.walmart.com.mx/ip/perros/croquetas-para-perro-nupec-adulto-raza-pequena-2-kg/00750300855324?from=/search
N/A,N/A,N/A,https://www.walmart.com.mx/ip/perros/alimento-para-perro-full-life-cachorros-razas-pequenas-4-kg/00750228112110?from=/search
Croquetas para perro Nupec Super Premium Adulto Nupec 5 Kg,549.00,N/A,https://www.walmart.com.mx/ip/perros/croquetas-para-perro-nupec-super-premium-adulto-nupec-5-kg/00750300855321?from=/search
Alimento Para Perro Smart Bites Adulto NeuroACTIVE®,"2,321.00",N/A,https://www.walmart.com.mx/ip/perros/alimento-para-perro-smart-bites-adulto-neuroactive-/00750302348833?from=/search
Croquetas para perro adulto 25 kg Chop Croqueta perro Adulto forma de letras,"1,096.00",N/A,https://www.walmart.com.mx/ip/perros/croquetas-para-perro-adulto-25-kg-chop-croqueta-perro-adulto-forma-de-letras/00750046449906?from=/search
Alimento Para Perro Hi Multi Pro Orginal Adulto de 25 Kg,"1,096.00",N/A,https://www.walmart.com.mx/ip/perros/alimento-para-perro-hi-multi-pro-orginal-adulto-de-25-kg/00046121934454?from=/search
